<!DOCTYPE suite SYSTEM "http://testng.org/testng-1.0.dtd">
<suite name="Web Demo Suite" verbose="0" parallel="tests"
	thread-count="100">
	

	<test name="Hackathon Test" enabled="true"
		thread-count="10">
		
		<groups>
			<run>
				<include name="@HackathonScript1" />
				<include name="@HackathonScript2" />
				<include name="@HackathonScript3" />
			</run>
		</groups>
		<classes>
			<class name="com.qmetry.qaf.automation.step.client.gherkin.GherkinScenarioFactory" />
		</classes>
	</test>
	
</suite>
